{
    "n_estimators": 500,
    "learning_rate": 0.012450098028392163,
    "gamma": 8.874678227816162,
    "colsample_bytree": 0.5500779976963119,
    "subsample": 0.5950017288125433
}
