{
    "n_estimators": 500,
    "learning_rate": 0.018833271489880257,
    "gamma": 0.026107825907531274,
    "colsample_bytree": 0.5997469051513024,
    "subsample": 0.9979243279103117
}
